INSERT INTO production_processes (id, name, created_at, updated_at) VALUES
('0c554e82-9382-482d-87a0-f1f09ffab4e9', 'Lisovanie', '2026-05-05 07:08:26.077', '2026-05-05 07:08:26.077'),
('888f4ff5-77b6-4008-8369-483a0bcfe8a7', 'Test category', '2026-05-05 07:15:47.049935', '2026-05-05 07:15:47.049935'),
('b2de331f-03e6-4ed2-a426-8c930b5e9265', 'Potlač', '2026-05-11 08:07:37.98424', '2026-05-11 08:07:37.98424'),
('e9001e70-3466-46ee-90df-96fb81f69b24', 'Montáž + Nitovanie', '2026-05-05 07:08:26.077', '2026-05-11 08:28:41.56'),
('ac7decee-f94e-45b5-aebb-254130b98b38', 'Montáž polotovar', '2026-05-11 08:29:01.439031', '2026-05-11 08:29:01.439031'),
('43525df2-5c45-4334-af90-0d1558a54bab', 'Nitovanie poloautomat', '2026-05-11 08:29:16.923865', '2026-05-11 08:29:16.923865'),
('129377a6-bb48-41b2-bf84-2145a87ef78c', 'Lepenie + Montáž', '2026-05-11 08:58:08.659758', '2026-05-11 08:58:08.659758')
ON CONFLICT (id) DO NOTHING;

INSERT INTO production_parts (id, name, production_process_id, created_at, updated_at) VALUES
('67650ede-8e8b-4ff2-818a-b74897ad3965', 'Test Product', '888f4ff5-77b6-4008-8369-483a0bcfe8a7', '2026-05-05 07:15:56.671019', '2026-05-05 07:16:56.519'),
('36e8069e-d2b3-4349-b75e-0bef7eeae41a', 'Samec_57H.860.255A', '0c554e82-9382-482d-87a0-f1f09ffab4e9', '2026-05-07 10:28:46.721165', '2026-05-07 10:28:46.721165'),
('6cd39ca5-b8fc-47ed-88a5-8c823d39830d', 'Výklopný hák_5LG.867.615', 'e9001e70-3466-46ee-90df-96fb81f69b24', '2026-05-05 07:08:26.077', '2026-05-07 10:28:56.489'),
('0970ad92-cf00-4ce9-a5d5-61d999062fc0', 'Samica_57H.860.255A', '0c554e82-9382-482d-87a0-f1f09ffab4e9', '2026-05-07 10:29:16.795349', '2026-05-07 10:29:26.127'),
('139296d2-1a94-40ee-8e8b-c5ebacd312ca', 'Ložisko_5LG.867.615', '0c554e82-9382-482d-87a0-f1f09ffab4e9', '2026-05-07 10:30:06.75819', '2026-05-07 10:30:06.75819'),
('e8c93b2a-97c0-4ead-ba34-a97f53993945', 'Hák_5LG.867.615', '0c554e82-9382-482d-87a0-f1f09ffab4e9', '2026-05-07 10:27:37.62023', '2026-05-07 10:30:56.578'),
('dc7a1746-0eb7-485b-8a9f-f43300ef50c1', 'Potlačovaný hák_57A 867 785 A 9B9', '0c554e82-9382-482d-87a0-f1f09ffab4e9', '2026-05-11 08:09:32.493325', '2026-05-11 08:09:32.493325'),
('d38ba227-fd98-49c1-819a-54160b2dab7b', 'Háčik_57A 867 785 A 9B9', '0c554e82-9382-482d-87a0-f1f09ffab4e9', '2026-05-11 08:09:41.230549', '2026-05-11 08:09:41.230549'),
('bcabdd82-8ff1-45ad-8114-f6aef851775b', 'Alu Had_57H.860.255A', '129377a6-bb48-41b2-bf84-2145a87ef78c', '2026-05-05 07:08:26.077', '2026-05-11 08:58:18.536'),
('2bbf4e73-7eb8-4d57-83f9-dd7d8c6800e6', 'Výklopný hák bez kolíka_5LG.867.615', 'e9001e70-3466-46ee-90df-96fb81f69b24', '2026-05-11 08:59:50.632526', '2026-05-11 08:59:50.632526'),
('90180f3f-3917-47fc-9f81-69611ed71de8', 'Výklopný hák bez kolíka_5LG.867.615', '43525df2-5c45-4334-af90-0d1558a54bab', '2026-05-11 09:00:15.70494', '2026-05-11 09:47:06.191'),
('2a78ec73-09ae-4421-9b91-eabaa7c825fd', 'Výklopný hák_5LG.867.615', 'ac7decee-f94e-45b5-aebb-254130b98b38', '2026-05-11 08:35:39.376647', '2026-05-11 09:57:15.962'),
('112320d3-47a5-479b-bc6d-5d92eebfc45b', 'Výklopný hák_5LG.867.615', '43525df2-5c45-4334-af90-0d1558a54bab', '2026-05-11 08:35:46.772187', '2026-05-11 09:57:23.056'),
('5fe9f1ff-ef19-4281-a35d-4b49c23ecc5f', 'Potlačovaný hák_57A 867 785 A 9B9', 'b2de331f-03e6-4ed2-a426-8c930b5e9265', '2026-05-11 11:16:56.52674', '2026-05-11 11:16:56.52674')
ON CONFLICT (id) DO NOTHING;


INSERT INTO production_components (id, name, production_part_id, created_at, updated_at) VALUES
('06450555-cc1c-42cd-a610-efdbb1d57f32', 'Test Komponent', '67650ede-8e8b-4ff2-818a-b74897ad3965', '2026-05-05 07:16:05.925801', '2026-05-05 07:16:05.925801'),
('32a38af8-7bbd-45e2-a833-f1675605659b', 'Hák', '6cd39ca5-b8fc-47ed-88a5-8c823d39830d', '2026-05-05 07:08:26.077', '2026-05-07 10:31:16.922'),
('13959ae2-83b1-466c-aa31-0e377d5a5096', 'Plech', '6cd39ca5-b8fc-47ed-88a5-8c823d39830d', '2026-05-05 07:08:26.077', '2026-05-07 10:31:42.364'),
('351eb435-c66c-45a9-b379-1988a3a58d49', 'AL profil', 'bcabdd82-8ff1-45ad-8114-f6aef851775b', '2026-05-07 10:31:59.5345', '2026-05-07 10:31:59.5345'),
('10fb5ee9-d465-4f91-95cd-8a9a0dbede8c', 'Samec', 'bcabdd82-8ff1-45ad-8114-f6aef851775b', '2026-05-07 10:32:05.482338', '2026-05-07 10:32:05.482338'),
('200d091c-623c-4f0e-ba96-622671c1431e', 'Samica', 'bcabdd82-8ff1-45ad-8114-f6aef851775b', '2026-05-07 10:32:13.532304', '2026-05-07 10:32:13.532304'),
('eb98d225-5161-4075-bc02-e569cdaedccf', 'QR kód', 'bcabdd82-8ff1-45ad-8114-f6aef851775b', '2026-05-07 10:32:36.84863', '2026-05-07 10:32:36.84863'),
('65824439-a950-4bb7-ae82-cf70ed049bc7', 'Etiketa', 'bcabdd82-8ff1-45ad-8114-f6aef851775b', '2026-05-07 10:32:45.934274', '2026-05-07 10:32:45.934274'),
('cb0afbf6-91ec-4928-96e9-7b64c5efd001', 'Vrece', 'bcabdd82-8ff1-45ad-8114-f6aef851775b', '2026-05-07 10:32:58.225433', '2026-05-07 10:32:58.225433'),
('83054d70-2950-40d3-b27c-5ef484e6ee2a', 'Potlačovaný hák_57A 867 785 A 9B9', 'dc7a1746-0eb7-485b-8a9f-f43300ef50c1', '2026-05-11 08:10:46.527509', '2026-05-11 08:10:46.527509'),
('33448aab-fd7b-4c0d-84ef-8743ebbdd88f', 'Plech', '112320d3-47a5-479b-bc6d-5d92eebfc45b', '2026-05-11 08:38:43.937233', '2026-05-11 08:38:43.937233'),
('861c2e3a-d5e2-4fc8-8112-595e6b58b5a5', 'Plech', '2a78ec73-09ae-4421-9b91-eabaa7c825fd', '2026-05-11 08:39:46.862048', '2026-05-11 08:39:46.862048'),
('3e22567a-b2db-43df-89ae-c3f4ba5347b4', 'Kolík', '112320d3-47a5-479b-bc6d-5d92eebfc45b', '2026-05-11 10:00:35.97828', '2026-05-11 10:00:35.97828'),
('af884e70-5a6f-4a02-89e1-b2089df9c6bb', 'Kolík', '2a78ec73-09ae-4421-9b91-eabaa7c825fd', '2026-05-11 10:00:43.609737', '2026-05-11 10:00:43.609737'),
('a67e4b58-0fbc-4c2e-a1d5-c334afea74f3', 'Kolík', '6cd39ca5-b8fc-47ed-88a5-8c823d39830d', '2026-05-11 10:00:51.54753', '2026-05-11 10:00:51.54753'),
('a9cc0df5-5abb-4efe-a069-96c9ba21dd12', 'Ložisko', '112320d3-47a5-479b-bc6d-5d92eebfc45b', '2026-05-11 10:01:03.77282', '2026-05-11 10:01:03.77282'),
('0e8c3453-b11e-45a5-8d30-aa358929b5b7', 'Ložisko', '2a78ec73-09ae-4421-9b91-eabaa7c825fd', '2026-05-11 10:01:11.029386', '2026-05-11 10:01:11.029386'),
('7a8372e2-09a4-404a-b2e5-645ed6f173b2', 'Ložisko', '6cd39ca5-b8fc-47ed-88a5-8c823d39830d', '2026-05-11 10:01:17.720506', '2026-05-11 10:01:17.720506'),
('55c335bc-28c3-49ed-9d08-35b48fc0dddd', 'Hák', '2a78ec73-09ae-4421-9b91-eabaa7c825fd', '2026-05-11 10:12:46.749174', '2026-05-11 10:12:46.749174'),
('53f45594-71b7-4cea-9a26-31570bc6539c', 'Hák', '112320d3-47a5-479b-bc6d-5d92eebfc45b', '2026-05-11 10:12:59.146742', '2026-05-11 10:12:59.146742')
ON CONFLICT (id) DO NOTHING;


INSERT INTO production_defects (id, name, type, production_part_id, production_component_id, created_at, updated_at) VALUES
('97b658d1-50e6-4228-8c46-a2e07354791e', 'Test defekt', 'unit', '67650ede-8e8b-4ff2-818a-b74897ad3965', NULL, '2026-05-05 07:16:12.797099', '2026-05-05 07:16:12.797099'),
('3efb5136-341f-4c55-abfe-934bd7c75a77', 'Test komponent defekt', 'component', '67650ede-8e8b-4ff2-818a-b74897ad3965', '06450555-cc1c-42cd-a610-efdbb1d57f32', '2026-05-05 07:16:22.221994', '2026-05-05 07:16:22.221994'),
('f8bc420e-f596-46a5-ba95-bb9873b6826d', 'Zlé zanitovanie', 'unit', '6cd39ca5-b8fc-47ed-88a5-8c823d39830d', NULL, '2026-05-05 07:08:26.077', '2026-05-07 10:33:30.408'),
('bc407a54-30f0-4564-8b46-c7ee27399006', 'Deformácia', 'component', '6cd39ca5-b8fc-47ed-88a5-8c823d39830d', '32a38af8-7bbd-45e2-a833-f1675605659b', '2026-05-05 07:08:26.077', '2026-05-07 10:40:05.548'),
('fe715146-eccd-4425-980b-7684dcbdc448', 'Fľaky', 'component', '6cd39ca5-b8fc-47ed-88a5-8c823d39830d', '32a38af8-7bbd-45e2-a833-f1675605659b', '2026-05-07 10:41:29.506188', '2026-05-07 10:41:29.506188'),
('89176576-1878-4a09-8416-6041336a2446', 'Znečistenie', 'component', '6cd39ca5-b8fc-47ed-88a5-8c823d39830d', '13959ae2-83b1-466c-aa31-0e377d5a5096', '2026-05-07 10:43:53.935472', '2026-05-07 10:43:53.935472'),
('1fc1ad69-73f5-4579-a352-2ce9c9802c80', 'Deformácia', 'component', '6cd39ca5-b8fc-47ed-88a5-8c823d39830d', '13959ae2-83b1-466c-aa31-0e377d5a5096', '2026-05-07 10:44:11.286793', '2026-05-07 10:44:11.286793'),
('8bac636b-460d-48d9-a7d7-2aacb887f2bc', 'Zlý rozmer', 'component', '6cd39ca5-b8fc-47ed-88a5-8c823d39830d', '13959ae2-83b1-466c-aa31-0e377d5a5096', '2026-05-07 10:44:28.273943', '2026-05-07 10:44:28.273943'),
('00230daf-6a9a-4057-81d3-1ff875a774aa', 'Škrabance', 'component', '6cd39ca5-b8fc-47ed-88a5-8c823d39830d', '13959ae2-83b1-466c-aa31-0e377d5a5096', '2026-05-07 10:44:55.660495', '2026-05-07 10:44:55.660495'),
('1e875089-6525-4e88-b9e7-a69ec9dc0d3f', 'NOK samica', 'unit', 'bcabdd82-8ff1-45ad-8114-f6aef851775b', NULL, '2026-05-07 10:50:52.404986', '2026-05-07 10:51:29.863'),
('ee363b1c-dcd2-4542-aa9a-f27946ea1a51', 'Vytečené lepidlo', 'unit', 'bcabdd82-8ff1-45ad-8114-f6aef851775b', NULL, '2026-05-07 10:52:02.320453', '2026-05-07 10:52:02.320453'),
('4dfd9402-c336-4f21-86da-ecd16dbce472', 'NOK samec', 'unit', 'bcabdd82-8ff1-45ad-8114-f6aef851775b', NULL, '2026-05-07 10:51:36.072754', '2026-05-07 10:52:09.202'),
('a6800977-79ab-404c-8ba1-57c0b4997438', 'Nesprávna koncovka', 'unit', 'bcabdd82-8ff1-45ad-8114-f6aef851775b', NULL, '2026-05-07 10:52:35.688203', '2026-05-07 10:52:43.311'),
('bc820375-e5f1-4289-847e-85051854c47e', 'Materiál vo vnútri dielu', 'unit', 'bcabdd82-8ff1-45ad-8114-f6aef851775b', NULL, '2026-05-07 11:06:24.041187', '2026-05-07 11:06:24.041187'),
('8e771f1e-6f2a-46c6-9aed-f6ebcb1427f2', 'NOK profil', 'unit', 'bcabdd82-8ff1-45ad-8114-f6aef851775b', NULL, '2026-05-07 11:06:36.496635', '2026-05-07 11:06:44.836'),
('5718ff91-3305-4951-8093-d3d635b63527', 'Vysunutý samec', 'unit', 'bcabdd82-8ff1-45ad-8114-f6aef851775b', NULL, '2026-05-07 11:07:10.9765', '2026-05-07 11:07:10.9765'),
('29dd0566-6aaa-4d40-bb81-b9cee52a857b', 'Vysunutá samica', 'unit', 'bcabdd82-8ff1-45ad-8114-f6aef851775b', NULL, '2026-05-07 11:07:19.671862', '2026-05-07 11:07:19.671862'),
('23b7aa6a-6de3-4247-b861-046ae55e89d1', 'Škrabance', 'component', 'bcabdd82-8ff1-45ad-8114-f6aef851775b', '351eb435-c66c-45a9-b379-1988a3a58d49', '2026-05-07 11:08:13.099099', '2026-05-07 11:08:13.099099'),
('dcf1a15b-cbc9-4181-a086-76c47153010b', 'Znečistenie', 'component', 'bcabdd82-8ff1-45ad-8114-f6aef851775b', '351eb435-c66c-45a9-b379-1988a3a58d49', '2026-05-07 11:08:23.411552', '2026-05-07 11:08:23.411552'),
('0e499a63-7434-46fc-9962-673da7e16156', 'Biele fľaky', 'component', 'bcabdd82-8ff1-45ad-8114-f6aef851775b', '351eb435-c66c-45a9-b379-1988a3a58d49', '2026-05-07 11:08:34.56476', '2026-05-07 11:08:34.56476'),
('f65d2b67-b2a5-4da6-a07a-a00f1451b9ac', 'Bubliny', 'component', 'bcabdd82-8ff1-45ad-8114-f6aef851775b', '351eb435-c66c-45a9-b379-1988a3a58d49', '2026-05-07 11:08:51.807052', '2026-05-07 11:08:51.807052'),
('698aeb21-8ed2-4dc5-910f-3a00e7fcabc9', 'Deformácia', 'component', 'bcabdd82-8ff1-45ad-8114-f6aef851775b', '351eb435-c66c-45a9-b379-1988a3a58d49', '2026-05-07 11:09:01.65355', '2026-05-07 11:09:01.65355'),
('ec7d38c0-d9e7-4daf-97dc-34f5e0bc4d06', 'NOK rozmer', 'component', 'bcabdd82-8ff1-45ad-8114-f6aef851775b', '351eb435-c66c-45a9-b379-1988a3a58d49', '2026-05-07 11:09:27.182384', '2026-05-07 11:09:27.182384'),
('b4ada31d-acf9-4289-9da2-f11003a87019', 'Nedolisok', 'component', 'bcabdd82-8ff1-45ad-8114-f6aef851775b', '10fb5ee9-d465-4f91-95cd-8a9a0dbede8c', '2026-05-07 11:10:23.303202', '2026-05-07 11:10:23.303202'),
('b93350b3-e34c-430d-b771-bfeea40749ba', 'Prelisok', 'component', 'bcabdd82-8ff1-45ad-8114-f6aef851775b', '10fb5ee9-d465-4f91-95cd-8a9a0dbede8c', '2026-05-07 11:10:33.236507', '2026-05-07 11:10:33.236507'),
('b5df0867-a262-4383-b060-44901828b744', 'Deformácia', 'component', 'bcabdd82-8ff1-45ad-8114-f6aef851775b', '10fb5ee9-d465-4f91-95cd-8a9a0dbede8c', '2026-05-07 11:10:47.392844', '2026-05-07 11:10:47.392844'),
('d6a4746e-1c06-43f9-826e-52d246b9cd51', 'NOK rozmer', 'component', 'bcabdd82-8ff1-45ad-8114-f6aef851775b', '10fb5ee9-d465-4f91-95cd-8a9a0dbede8c', '2026-05-07 11:10:55.789974', '2026-05-07 11:10:55.789974'),
('8fa48dfe-fe75-410f-995a-cf8c5dc1d7a2', 'Fľaky', 'component', 'bcabdd82-8ff1-45ad-8114-f6aef851775b', '10fb5ee9-d465-4f91-95cd-8a9a0dbede8c', '2026-05-07 11:11:05.637321', '2026-05-07 11:11:05.637321'),
('f0c5e8fc-8511-415d-86b3-0f4275056dca', 'Poškodenie', 'component', 'bcabdd82-8ff1-45ad-8114-f6aef851775b', '10fb5ee9-d465-4f91-95cd-8a9a0dbede8c', '2026-05-07 11:11:32.513977', '2026-05-07 11:11:32.513977'),
('e59a4681-ec22-498d-b430-7ad5b55e6233', 'Nedolisok', 'component', 'bcabdd82-8ff1-45ad-8114-f6aef851775b', '200d091c-623c-4f0e-ba96-622671c1431e', '2026-05-07 11:47:41.275384', '2026-05-07 11:47:41.275384'),
('bcfb6003-df72-40d3-acef-28c03c6fe2de', 'Prelisok', 'component', 'bcabdd82-8ff1-45ad-8114-f6aef851775b', '200d091c-623c-4f0e-ba96-622671c1431e', '2026-05-07 11:47:54.854393', '2026-05-07 11:47:54.854393'),
('a3ed2f99-f216-4bfe-a385-d1413b79a56a', 'Deformácia', 'component', 'bcabdd82-8ff1-45ad-8114-f6aef851775b', '200d091c-623c-4f0e-ba96-622671c1431e', '2026-05-07 11:48:04.958139', '2026-05-07 11:48:04.958139'),
('73bf09c6-2bb4-4130-8be0-0d2a92047abd', 'NOK rozmer', 'component', 'bcabdd82-8ff1-45ad-8114-f6aef851775b', '200d091c-623c-4f0e-ba96-622671c1431e', '2026-05-07 11:48:17.192787', '2026-05-07 11:48:17.192787'),
('47a266de-e418-4c86-85e8-fc2f3e5f0f62', 'Fľaky', 'component', 'bcabdd82-8ff1-45ad-8114-f6aef851775b', '200d091c-623c-4f0e-ba96-622671c1431e', '2026-05-07 11:48:33.646513', '2026-05-07 11:48:33.646513'),
('4c256c1e-f7ab-459c-898e-4c2870bb1b1b', 'Poškodenie', 'component', 'bcabdd82-8ff1-45ad-8114-f6aef851775b', '200d091c-623c-4f0e-ba96-622671c1431e', '2026-05-07 11:50:38.05544', '2026-05-07 11:50:38.05544'),
('dddf8c1b-24b3-46f3-9a9f-2aa8f4545472', 'NOK plech', 'unit', '6cd39ca5-b8fc-47ed-88a5-8c823d39830d', NULL, '2026-05-11 07:33:25.942237', '2026-05-11 07:33:25.942237'),
('d7b193c8-50f1-4953-8653-a440460ae64e', 'NOK kolík', 'unit', 'e8c93b2a-97c0-4ead-ba34-a97f53993945', NULL, '2026-05-11 07:33:49.784584', '2026-05-11 07:33:49.784584'),
('9e8dae69-5e34-4099-bad9-48cab56c5139', 'NOK háčik', 'unit', 'dc7a1746-0eb7-485b-8a9f-f43300ef50c1', NULL, '2026-05-11 08:11:02.997965', '2026-05-11 08:11:02.997965'),
('bacdccad-c56c-45ca-9b2d-b12ffdb8d89f', 'NOK potlač', 'unit', 'dc7a1746-0eb7-485b-8a9f-f43300ef50c1', NULL, '2026-05-11 08:11:11.787061', '2026-05-11 08:11:11.787061'),
('e2904196-08da-4a05-a8e5-7dca2ebfd5e2', 'NOK plech', 'unit', '112320d3-47a5-479b-bc6d-5d92eebfc45b', NULL, '2026-05-11 08:42:54.549421', '2026-05-11 08:42:54.549421'),
('e19a2c0d-8be8-414d-bd18-cbc2fe194d84', 'Zlé zanitovanie', 'unit', 'd38ba227-fd98-49c1-819a-54160b2dab7b', NULL, '2026-05-11 08:43:23.538309', '2026-05-11 08:43:23.538309'),
('57c1c2ba-c50a-481c-9794-eda201b0d1b3', 'NOK Plech', 'unit', '2a78ec73-09ae-4421-9b91-eabaa7c825fd', NULL, '2026-05-11 08:48:09.172411', '2026-05-11 08:48:09.172411'),
('5f1cf603-23a6-44c2-a588-9ab6cc1933e8', 'Zlé zanitovanie', 'unit', '2a78ec73-09ae-4421-9b91-eabaa7c825fd', NULL, '2026-05-11 08:48:46.475865', '2026-05-11 08:48:46.475865'),
('81f8070c-f90e-49ad-b6c0-4ea685758085', 'Zlé zanitovanie', 'unit', '112320d3-47a5-479b-bc6d-5d92eebfc45b', NULL, '2026-05-11 09:08:10.799907', '2026-05-11 09:08:10.799907'),
('675b956e-ebf4-46ec-bc69-b5e34a459920', 'NOK plech', 'unit', '2bbf4e73-7eb8-4d57-83f9-dd7d8c6800e6', NULL, '2026-05-11 09:09:47.584769', '2026-05-11 09:09:47.584769'),
('c4085c7b-ced0-4b51-b0e2-6b72f351396c', 'NOK hák', 'unit', '2bbf4e73-7eb8-4d57-83f9-dd7d8c6800e6', NULL, '2026-05-11 09:10:06.017129', '2026-05-11 09:10:06.017129'),
('b0b304b4-a850-4142-97db-b0f304a68487', 'Zlé zanitovanie', 'unit', '2bbf4e73-7eb8-4d57-83f9-dd7d8c6800e6', NULL, '2026-05-11 09:10:27.944088', '2026-05-11 09:10:27.944088'),
('3ee5d97d-5b35-43b6-adf7-e34e52b9d317', 'NOK plech', 'unit', '90180f3f-3917-47fc-9f81-69611ed71de8', NULL, '2026-05-11 09:10:37.511604', '2026-05-11 09:10:37.511604'),
('5dfb5881-d203-47f5-a119-075a72abbccb', 'NOK hák', 'unit', '90180f3f-3917-47fc-9f81-69611ed71de8', NULL, '2026-05-11 09:10:46.914419', '2026-05-11 09:10:46.914419'),
('277471f2-a388-42ea-803c-53209ac0edac', 'Zlé zanitovanie', 'unit', '90180f3f-3917-47fc-9f81-69611ed71de8', NULL, '2026-05-11 09:11:09.973986', '2026-05-11 09:11:09.973986'),
('7b6a047c-ecb7-46d1-8ce7-05d1e61b0bde', 'Deformácia', 'component', '2a78ec73-09ae-4421-9b91-eabaa7c825fd', '861c2e3a-d5e2-4fc8-8112-595e6b58b5a5', '2026-05-11 09:17:29.797734', '2026-05-11 09:17:29.797734'),
('fab9c426-4bf6-4630-9b59-32fc64c30431', 'Deformácia', 'component', '112320d3-47a5-479b-bc6d-5d92eebfc45b', '33448aab-fd7b-4c0d-84ef-8743ebbdd88f', '2026-05-11 09:18:00.580355', '2026-05-11 09:18:00.580355'),
('b366cb68-7193-4d0a-b15c-58549ff2b4cb', 'Zlý rozmer', 'component', '2a78ec73-09ae-4421-9b91-eabaa7c825fd', '861c2e3a-d5e2-4fc8-8112-595e6b58b5a5', '2026-05-11 09:18:12.963477', '2026-05-11 09:18:12.963477'),
('a5810013-890e-4242-87b2-7516299b09ed', 'Zlý rozmer', 'component', '112320d3-47a5-479b-bc6d-5d92eebfc45b', '33448aab-fd7b-4c0d-84ef-8743ebbdd88f', '2026-05-11 09:18:24.360865', '2026-05-11 09:18:24.360865'),
('12c0e82e-6689-4ce8-a98f-b7f7fe8a942f', 'Škrabance', 'component', '2a78ec73-09ae-4421-9b91-eabaa7c825fd', '861c2e3a-d5e2-4fc8-8112-595e6b58b5a5', '2026-05-11 09:18:36.109355', '2026-05-11 09:18:36.109355'),
('0a1efb27-8793-4522-ad4b-0f7ab9fc9811', 'Škrabance', 'component', '112320d3-47a5-479b-bc6d-5d92eebfc45b', '33448aab-fd7b-4c0d-84ef-8743ebbdd88f', '2026-05-11 09:18:43.902319', '2026-05-11 09:18:43.902319'),
('ec871479-3c17-4cca-9651-cc3d820635f3', 'Znečistenie', 'component', '112320d3-47a5-479b-bc6d-5d92eebfc45b', '33448aab-fd7b-4c0d-84ef-8743ebbdd88f', '2026-05-11 09:19:04.994866', '2026-05-11 09:19:04.994866'),
('3ea85d1b-6cbb-4399-8b40-ca328115ff55', 'Znečistenie', 'component', '2a78ec73-09ae-4421-9b91-eabaa7c825fd', '55c335bc-28c3-49ed-9d08-35b48fc0dddd', '2026-05-11 10:26:40.733174', '2026-05-11 10:26:40.733174'),
('7e34efce-9115-42a1-bf46-066a982b853a', 'Prasknuté ložisko', 'unit', '112320d3-47a5-479b-bc6d-5d92eebfc45b', NULL, '2026-05-11 09:58:07.323224', '2026-05-11 09:58:07.323224'),
('a18a0a95-fa75-40cd-9efa-453413671805', 'Prasknuté ložisko', 'unit', '6cd39ca5-b8fc-47ed-88a5-8c823d39830d', NULL, '2026-05-11 09:58:17.189126', '2026-05-11 09:58:17.189126'),
('77e8d152-11d8-435d-9ece-3ebb101d560a', 'Prasknuté ložisko', 'unit', '2a78ec73-09ae-4421-9b91-eabaa7c825fd', NULL, '2026-05-11 09:58:27.867403', '2026-05-11 09:58:27.867403'),
('99d151ea-6dca-4ad3-a723-25c5752b5a08', 'NOK hák', 'unit', '112320d3-47a5-479b-bc6d-5d92eebfc45b', NULL, '2026-05-11 10:04:34.990436', '2026-05-11 10:04:34.990436'),
('13cce7e9-f848-4baa-9185-44f1b621d881', 'NOK hák', 'unit', '2a78ec73-09ae-4421-9b91-eabaa7c825fd', NULL, '2026-05-11 10:04:42.427379', '2026-05-11 10:04:42.427379'),
('bdc906b7-4b06-4224-a64f-ea3d54a89a91', 'NOK hák', 'unit', '6cd39ca5-b8fc-47ed-88a5-8c823d39830d', NULL, '2026-05-11 10:04:49.82201', '2026-05-11 10:04:49.82201'),
('38a1e76b-e9a2-4075-a2dc-bd43ecbe3580', 'Nedolisok', 'component', '6cd39ca5-b8fc-47ed-88a5-8c823d39830d', '32a38af8-7bbd-45e2-a833-f1675605659b', '2026-05-11 10:15:03.995865', '2026-05-11 10:15:03.995865'),
('676106dc-43e8-4acf-9fd6-c888ca307ec7', 'Znečistenie', 'component', '6cd39ca5-b8fc-47ed-88a5-8c823d39830d', '32a38af8-7bbd-45e2-a833-f1675605659b', '2026-05-11 10:15:12.662847', '2026-05-11 10:15:12.662847'),
('98eacbb5-e6d4-4975-b7d3-75522b4e464d', 'Nedolisok', 'component', '2a78ec73-09ae-4421-9b91-eabaa7c825fd', '55c335bc-28c3-49ed-9d08-35b48fc0dddd', '2026-05-11 10:26:51.932865', '2026-05-11 10:26:51.932865'),
('4491790d-54aa-4dc8-bc5f-c0d2705921d3', 'Fľaky', 'component', '2a78ec73-09ae-4421-9b91-eabaa7c825fd', '55c335bc-28c3-49ed-9d08-35b48fc0dddd', '2026-05-11 10:27:00.775842', '2026-05-11 10:27:00.775842'),
('8acc3cee-c6ed-44a5-a5ae-16b38afcd45f', 'Deformácia', 'component', '2a78ec73-09ae-4421-9b91-eabaa7c825fd', '55c335bc-28c3-49ed-9d08-35b48fc0dddd', '2026-05-11 10:27:11.342413', '2026-05-11 10:27:11.342413'),
('7e2c11a6-9608-41b2-8a1f-29515a39f0bc', 'Znečistenie', 'component', '112320d3-47a5-479b-bc6d-5d92eebfc45b', '53f45594-71b7-4cea-9a26-31570bc6539c', '2026-05-11 10:28:55.237151', '2026-05-11 10:28:55.237151'),
('818dee86-7bc2-40b1-8c43-1c45abdc34e2', 'Nedolisok', 'component', '112320d3-47a5-479b-bc6d-5d92eebfc45b', '53f45594-71b7-4cea-9a26-31570bc6539c', '2026-05-11 10:29:31.517622', '2026-05-11 10:29:31.517622'),
('d2cd1cca-48ed-490c-9653-1e2bb384de28', 'Fľaky', 'component', '112320d3-47a5-479b-bc6d-5d92eebfc45b', '53f45594-71b7-4cea-9a26-31570bc6539c', '2026-05-11 10:29:38.877611', '2026-05-11 10:29:38.877611'),
('a3d56f4d-3e4a-433b-b012-1c9ff3a798c3', 'Deformácia', 'component', '112320d3-47a5-479b-bc6d-5d92eebfc45b', '53f45594-71b7-4cea-9a26-31570bc6539c', '2026-05-11 10:29:46.69266', '2026-05-11 10:29:46.69266'),
('92de1585-7a45-4d8f-93fe-ed5e8fb7ae1f', 'Znečistenie', 'component', '6cd39ca5-b8fc-47ed-88a5-8c823d39830d', 'a67e4b58-0fbc-4c2e-a1d5-c334afea74f3', '2026-05-11 10:31:08.364542', '2026-05-11 10:31:08.364542'),
('eb5eba96-b52b-4e65-9f10-54407535fa67', 'Znečistenie', 'component', '2a78ec73-09ae-4421-9b91-eabaa7c825fd', 'af884e70-5a6f-4a02-89e1-b2089df9c6bb', '2026-05-11 10:31:22.466578', '2026-05-11 10:31:22.466578'),
('a1b111b1-0329-41ee-ae42-a5bbe2f25fc3', 'Znečistenie', 'component', '112320d3-47a5-479b-bc6d-5d92eebfc45b', '3e22567a-b2db-43df-89ae-c3f4ba5347b4', '2026-05-11 10:31:30.791595', '2026-05-11 10:31:30.791595'),
('9cd12ca9-ecbd-403b-862c-5c9ef9a39e5a', 'Zlý rozmer', 'component', '6cd39ca5-b8fc-47ed-88a5-8c823d39830d', 'a67e4b58-0fbc-4c2e-a1d5-c334afea74f3', '2026-05-11 10:33:06.339002', '2026-05-11 10:33:06.339002'),
('ec524bcf-82d8-4d81-bc85-1b671c87e8e2', 'Zlý rozmer', 'component', '2a78ec73-09ae-4421-9b91-eabaa7c825fd', 'af884e70-5a6f-4a02-89e1-b2089df9c6bb', '2026-05-11 10:33:15.336963', '2026-05-11 10:33:15.336963'),
('9914503d-9ce4-437c-bf81-d29a2046b552', 'Zlý rozmer', 'component', '112320d3-47a5-479b-bc6d-5d92eebfc45b', '3e22567a-b2db-43df-89ae-c3f4ba5347b4', '2026-05-11 10:33:23.611184', '2026-05-11 10:33:23.611184'),
('21db4998-1e45-45f1-84a9-31d94b8cdb36', 'Deformácia', 'component', '6cd39ca5-b8fc-47ed-88a5-8c823d39830d', 'a67e4b58-0fbc-4c2e-a1d5-c334afea74f3', '2026-05-11 10:33:34.545986', '2026-05-11 10:33:34.545986'),
('4460bad4-48ef-48c8-be52-c508ef249f39', 'Deformácia', 'component', '2a78ec73-09ae-4421-9b91-eabaa7c825fd', 'af884e70-5a6f-4a02-89e1-b2089df9c6bb', '2026-05-11 10:33:42.459535', '2026-05-11 10:33:42.459535'),
('6e62cb1d-d2a3-4367-93fc-d9d1a351de5c', 'Deformácia', 'component', '112320d3-47a5-479b-bc6d-5d92eebfc45b', '3e22567a-b2db-43df-89ae-c3f4ba5347b4', '2026-05-11 10:33:52.744497', '2026-05-11 10:33:52.744497'),
('b4276e1f-9b78-41f5-a37f-a6adc949d5b3', 'Prasknutie', 'component', '2a78ec73-09ae-4421-9b91-eabaa7c825fd', '0e8c3453-b11e-45a5-8d30-aa358929b5b7', '2026-05-11 10:35:08.114813', '2026-05-11 10:35:08.114813'),
('7298798d-3326-463a-b3c8-215cc5be7612', 'Prasknutie', 'component', '112320d3-47a5-479b-bc6d-5d92eebfc45b', 'a9cc0df5-5abb-4efe-a069-96c9ba21dd12', '2026-05-11 10:35:17.42551', '2026-05-11 10:35:17.42551'),
('7bd5bdb8-7a2b-476a-a375-0ebd0a9a9c1c', 'Prasknutie', 'component', '6cd39ca5-b8fc-47ed-88a5-8c823d39830d', '7a8372e2-09a4-404a-b2e5-645ed6f173b2', '2026-05-11 10:35:25.738429', '2026-05-11 10:35:25.738429'),
('6c139954-e39f-4910-9b97-45f87532dc12', 'Nedolisok', 'component', '2a78ec73-09ae-4421-9b91-eabaa7c825fd', '0e8c3453-b11e-45a5-8d30-aa358929b5b7', '2026-05-11 10:35:39.355396', '2026-05-11 10:35:39.355396'),
('641082f1-e36f-48a7-be8f-9e16362cc484', 'Nedolisok', 'component', '112320d3-47a5-479b-bc6d-5d92eebfc45b', 'a9cc0df5-5abb-4efe-a069-96c9ba21dd12', '2026-05-11 10:35:48.429409', '2026-05-11 10:35:48.429409'),
('f0368e62-aed3-4e66-826a-f3970b69930e', 'Nedolisok', 'component', '6cd39ca5-b8fc-47ed-88a5-8c823d39830d', '7a8372e2-09a4-404a-b2e5-645ed6f173b2', '2026-05-11 10:35:58.677231', '2026-05-11 10:35:58.677231'),
('46c7ef6e-0a12-4815-a7c1-458fbb70566a', 'Deformácia', 'component', '2a78ec73-09ae-4421-9b91-eabaa7c825fd', '0e8c3453-b11e-45a5-8d30-aa358929b5b7', '2026-05-11 10:36:23.654284', '2026-05-11 10:36:23.654284'),
('7d2775db-9332-4929-b94d-b7297d7ba2f2', 'Deformácia', 'component', '112320d3-47a5-479b-bc6d-5d92eebfc45b', 'a9cc0df5-5abb-4efe-a069-96c9ba21dd12', '2026-05-11 10:36:32.954369', '2026-05-11 10:36:32.954369'),
('4b2ac8f2-694c-4859-968f-e4d02e613e02', 'Deformácia', 'component', '6cd39ca5-b8fc-47ed-88a5-8c823d39830d', '7a8372e2-09a4-404a-b2e5-645ed6f173b2', '2026-05-11 10:36:40.433702', '2026-05-11 10:36:40.433702'),
('f53ed705-2c63-4b6e-b582-ca56e3644635', 'Znečistenie', 'component', '2a78ec73-09ae-4421-9b91-eabaa7c825fd', '861c2e3a-d5e2-4fc8-8112-595e6b58b5a5', '2026-05-11 10:40:43.600744', '2026-05-11 10:40:43.600744')
ON CONFLICT (id) DO NOTHING;


-- --
-- -- Data for Name: production_stations; Type: TABLE DATA; Schema: public; Owner: -
-- --

-- COPY public.production_stations (id, name, production_part_id, created_at, updated_at) FROM stdin;
-- 1f23b6a4-4231-473f-8993-35ad926d6de9	Stanica 1	bcabdd82-8ff1-45ad-8114-f6aef851775b	2026-05-05 07:08:26.077	2026-05-05 07:08:26.077
-- 7a5400a4-6195-4e21-91a3-eed5ffaa6ea8	Stanica 2	bcabdd82-8ff1-45ad-8114-f6aef851775b	2026-05-05 07:08:26.077	2026-05-05 07:08:26.077
-- d9167348-f430-475e-9e70-515110c75271	Stanica 3	bcabdd82-8ff1-45ad-8114-f6aef851775b	2026-05-05 07:08:26.077	2026-05-05 07:08:26.077
-- \.

